{
  "cli": {
    "version": ">= 5.9.0"
  },
  "build": {
    "development": {
      "developmentClient": true,
      "distribution": "internal",
      "ios": {
        "simulator": true
      }
    },
    "preview": {
      "distribution": "internal",
      "android": {
        "buildType": "apk"
      },
      "ios": {
        "simulator": false
      },
      "env": {
        "API_URL": "https://api.badenya.com/api"
      }
    },
    "production": {
      "android": {
        "buildType": "app-bundle"
      },
      "ios": {
        "simulator": false
      },
      "env": {
        "API_URL": "https://api.badenya.com/api",
        "NODE_ENV": "production"
      }
    }
  },
  "submit": {
    "production": {
      "android": {
        "serviceAccountKeyPath": "./google-service-account.json",
        "track": "production"
      },
      "ios": {
        "appleId": "your.apple.id@email.com",
        "ascAppId": "1234567890",
        "appleTeamId": "ABCD123456"
      }
    }
  }
}
